-- =====================
-- CREATE TABLES
-- =====================

CREATE TABLE clientes (
    id_cliente DECIMAL(5,0),
    nombre VARCHAR(50),
    email VARCHAR(50) UNIQUE,
    telefono VARCHAR(15),
    dni VARCHAR(15) UNIQUE,
    fecha_registro DATE,
    CONSTRAINT pk_clientes PRIMARY KEY (id_cliente)
);

CREATE TABLE habitaciones (
    id_habitacion DECIMAL(5,0),
    numero DECIMAL(5,0),
    tipo VARCHAR(20),
    piso DECIMAL(2,0),
    capacidad DECIMAL(1,0),
    precio_noche DECIMAL(6,2),
    disponible VARCHAR(1),
    CONSTRAINT pk_habitaciones PRIMARY KEY (id_habitacion),
    CONSTRAINT ck_habitacion_disponible CHECK (disponible IN ('S','N'))
);

CREATE TABLE reservas (
    id_reserva DECIMAL(5,0),
    fecha_entrada DATE,
    fecha_salida DATE,
    estado VARCHAR(10),
    id_cliente DECIMAL(5,0),
    id_habitacion DECIMAL(5,0),
    CONSTRAINT pk_reservas PRIMARY KEY (id_reserva),
    CONSTRAINT fk_reserva_cliente FOREIGN KEY (id_cliente) REFERENCES clientes(id_cliente),
    CONSTRAINT fk_reserva_habitacion FOREIGN KEY (id_habitacion) REFERENCES habitaciones(id_habitacion)
);

CREATE TABLE servicios_reserva (
    id_servicio DECIMAL(5,0),
    id_reserva DECIMAL(5,0),
    servicio VARCHAR(20),
    precio DECIMAL(5,2),
    fecha_servicio DATE,
    CONSTRAINT pk_servicios PRIMARY KEY (id_servicio),
    CONSTRAINT fk_servicio_reserva FOREIGN KEY (id_reserva) REFERENCES reservas(id_reserva)
);

-- =====================
-- INSERTS
-- =====================

-- CLIENTES (50 registros)
INSERT INTO clientes (id_cliente,nombre,email,telefono,dni,fecha_registro) 
VALUES
(1,'Ana López','ana.lopez@mail.com','600111222','12345678A','2024-01-01'),
(2,'Carlos Ruiz','carlos.ruiz@mail.com','600333444','23456789B','2024-01-02'),
(3,'María Pérez','maria.perez@mail.com','600555666','34567890C','2024-01-03'),
(4,'Luis Gómez','luis.gomez@mail.com','600777888','45678901D','2024-01-04'),
(5,'Laura Martín','laura.martin@mail.com','600999000','56789012E','2024-01-05'),
(6,'Pedro Sánchez','pedro.sanchez@mail.com','601111222','67890123F','2024-01-06'),
(7,'Sofía Torres','sofia.torres@mail.com','601333444','78901234G','2024-01-07'),
(8,'Javier Molina','javier.molina@mail.com','601555666','89012345H','2024-01-08'),
(9,'Elena Navarro','elena.navarro@mail.com','601777888','90123456J','2024-01-09'),
(10,'Raúl Castro','raul.castro@mail.com','602111222','01234567K','2024-01-10'),
(11,'Marta Jiménez','marta.jimenez@mail.com','602333444','11223344L','2024-01-11'),
(12,'Fernando Ruiz','fernando.ruiz@mail.com','602555666','22334455M','2024-01-12'),
(13,'Clara Vega','clara.vega@mail.com','602777888','33445566N','2024-01-13'),
(14,'Diego Torres','diego.torres@mail.com','602999000','44556677O','2024-01-14'),
(15,'Isabel Rojas','isabel.rojas@mail.com','603111222','55667788P','2024-01-15'),
(16,'Antonio Molina','antonio.molina@mail.com','603333444','66778899Q','2024-01-16'),
(17,'Patricia Ortiz','patricia.ortiz@mail.com','603555666','77889900R','2024-01-17'),
(18,'José Ramírez','jose.ramirez@mail.com','603777888','88990011S','2024-01-18'),
(19,'Lucía Herrera','lucia.herrera@mail.com','604111222','99001122T','2024-01-19'),
(20,'Manuel Delgado','manuel.delgado@mail.com','604333444','10111213U','2024-01-20'),
(21,'Sara Morales','sara.morales@mail.com','604555666','12131415V','2024-01-21'),
(22,'Jorge Castillo','jorge.castillo@mail.com','604777888','14151617W','2024-01-22'),
(23,'Elisa Medina','elisa.medina@mail.com','605111222','16171819X','2024-01-23'),
(24,'Héctor Navarro','hector.navarro@mail.com','605333444','18192021Y','2024-01-24'),
(25,'Verónica Campos','veronica.campos@mail.com','605555666','22232425Z','2024-01-25'),
(26,'Miguel Torres','miguel.torres@mail.com','605777888','26272829A','2024-01-26'),
(27,'Natalia Blanco','natalia.blanco@mail.com','606111222','30313233B','2024-01-27'),
(28,'Raquel Fuentes','raquel.fuentes@mail.com','606333444','34353637C','2024-01-28'),
(29,'Rubén Gil','ruben.gil@mail.com','606555666','38394041D','2024-01-29'),
(30,'Marina León','marina.leon@mail.com','606777888','42434445E','2024-01-30'),
(31,'Óscar Navarro','oscar.navarro@mail.com','607111222','46474849F','2024-01-31'),
(32,'Teresa Vega','teresa.vega@mail.com','607333444','50515253G','2024-02-01'),
(33,'Alberto Torres','alberto.torres@mail.com','607555666','54555657H','2024-02-02'),
(34,'Paula Moreno','paula.moreno@mail.com','607777888','58596061J','2024-02-03'),
(35,'Iván Ruiz','ivan.ruiz@mail.com','608111222','62636465K','2024-02-04'),
(36,'Lourdes Castillo','lourdes.castillo@mail.com','608333444','66676869L','2024-02-05'),
(37,'Daniela Ramírez','daniela.ramirez@mail.com','608555666','70717273M','2024-02-06'),
(38,'Víctor Serrano','victor.serrano@mail.com','608777888','74757677N','2024-02-07'),
(39,'Natalia Muñoz','natalia.munoz@mail.com','609111222','78798081O','2024-02-08'),
(40,'Rubén Molina','ruben.molina@mail.com','609333444','82838485P','2024-02-09'),
(41,'Sonia Herrera','sonia.herrera@mail.com','609555666','86878889Q','2024-02-10'),
(42,'Eduardo Rojas','eduardo.rojas@mail.com','609777888','90919293R','2024-02-11'),
(43,'Carla Méndez','carla.mendez@mail.com','610111222','94959697S','2024-02-12'),
(44,'Mario Delgado','mario.delgado@mail.com','610333444','98990001T','2024-02-13'),
(45,'María Fernanda','maria.fernanda@mail.com','610555666','02030405U','2024-02-14'),
(46,'Raúl Pérez','raul.perez@mail.com','610777888','06070809V','2024-02-15'),
(47,'Alicia Campos','alicia.campos@mail.com','611111222','10111213W','2024-02-16'),
(48,'Antonio Moreno','antonio.moreno@mail.com','611333444','14151617X','2024-02-17'),
(49,'Cristina Navarro','cristina.navarro@mail.com','611555666','18192022Y','2024-02-18'),
(50,'David Herrera','david.herrera@mail.com','611777888','22232426Z','2024-02-19');

-- HABITACIONES (50 registros)
INSERT INTO habitaciones (id_habitacion,numero,tipo,piso,capacidad,precio_noche,disponible) VALUES
(1,101,'Individual',1,1,50.00,'S'),
(2,102,'Doble',1,2,70.00,'S'),
(3,103,'Suite',1,3,120.00,'S'),
(4,104,'Individual',1,1,50.00,'S'),
(5,105,'Doble',1,2,70.00,'S'),
(6,106,'Suite',1,3,120.00,'S'),
(7,201,'Individual',2,1,55.00,'S'),
(8,202,'Doble',2,2,75.00,'S'),
(9,203,'Suite',2,3,130.00,'S'),
(10,204,'Individual',2,1,55.00,'S'),
(11,205,'Doble',2,2,75.00,'S'),
(12,206,'Suite',2,3,130.00,'S'),
(13,301,'Individual',3,1,60.00,'S'),
(14,302,'Doble',3,2,80.00,'S'),
(15,303,'Suite',3,3,140.00,'S'),
(16,304,'Individual',3,1,60.00,'S'),
(17,305,'Doble',3,2,80.00,'S'),
(18,306,'Suite',3,3,140.00,'S'),
(19,401,'Individual',4,1,65.00,'S'),
(20,402,'Doble',4,2,85.00,'S'),
(21,403,'Suite',4,3,150.00,'S'),
(22,404,'Individual',4,1,65.00,'S'),
(23,405,'Doble',4,2,85.00,'S'),
(24,406,'Suite',4,3,150.00,'S'),
(25,501,'Individual',5,1,70.00,'S'),
(26,502,'Doble',5,2,90.00,'S'),
(27,503,'Suite',5,3,160.00,'S'),
(28,504,'Individual',5,1,70.00,'S'),
(29,505,'Doble',5,2,90.00,'S'),
(30,506,'Suite',5,3,160.00,'S'),
(31,601,'Individual',6,1,75.00,'S'),
(32,602,'Doble',6,2,95.00,'S'),
(33,603,'Suite',6,3,170.00,'S'),
(34,604,'Individual',6,1,75.00,'S'),
(35,605,'Doble',6,2,95.00,'S'),
(36,606,'Suite',6,3,170.00,'S'),
(37,701,'Individual',7,1,80.00,'S'),
(38,702,'Doble',7,2,100.00,'S'),
(39,703,'Suite',7,3,180.00,'S'),
(40,704,'Individual',7,1,80.00,'S'),
(41,705,'Doble',7,2,100.00,'S'),
(42,706,'Suite',7,3,180.00,'S'),
(43,801,'Individual',8,1,85.00,'S'),
(44,802,'Doble',8,2,110.00,'S'),
(45,803,'Suite',8,3,190.00,'S'),
(46,804,'Individual',8,1,85.00,'S'),
(47,805,'Doble',8,2,110.00,'S'),
(48,806,'Suite',8,3,190.00,'S'),
(49,901,'Suite',9,3,200.00,'S'),
(50,902,'Doble',9,2,120.00,'S');

-- RESERVAS (50 registros)
INSERT INTO reservas (id_reserva,fecha_entrada,fecha_salida,estado,id_cliente,id_habitacion) VALUES
(1,'2024-03-01','2024-03-05','Activa',1,1),
(2,'2024-03-02','2024-03-06','Activa',2,2),
(3,'2024-03-03','2024-03-07','Activa',3,3),
(4,'2024-03-04','2024-03-08','Activa',4,4),
(5,'2024-03-05','2024-03-09','Activa',5,5),
(6,'2024-03-06','2024-03-10','Activa',6,6),
(7,'2024-03-07','2024-03-11','Activa',7,7),
(8,'2024-03-08','2024-03-12','Activa',8,8),
(9,'2024-03-09','2024-03-13','Activa',9,9),
(10,'2024-03-10','2024-03-14','Activa',10,10),
(11,'2024-03-11','2024-03-15','Activa',11,11),
(12,'2024-03-12','2024-03-16','Activa',12,12),
(13,'2024-03-13','2024-03-17','Activa',13,13),
(14,'2024-03-14','2024-03-18','Activa',14,14),
(15,'2024-03-15','2024-03-19','Activa',15,15),
(16,'2024-03-16','2024-03-20','Activa',16,16),
(17,'2024-03-17','2024-03-21','Activa',17,17),
(18,'2024-03-18','2024-03-22','Activa',18,18),
(19,'2024-03-19','2024-03-23','Activa',19,19),
(20,'2024-03-20','2024-03-24','Activa',20,20),
(21,'2024-03-21','2024-03-25','Activa',21,21),
(22,'2024-03-22','2024-03-26','Activa',22,22),
(23,'2024-03-23','2024-03-27','Activa',23,23),
(24,'2024-03-24','2024-03-28','Activa',24,24),
(25,'2024-03-25','2024-03-29','Activa',25,25),
(26,'2024-03-26','2024-03-30','Activa',26,26),
(27,'2024-03-27','2024-03-31','Activa',27,27),
(28,'2024-03-28','2024-04-01','Activa',28,28),
(29,'2024-03-29','2024-04-02','Activa',29,29),
(30,'2024-03-30','2024-04-03','Activa',30,30),
(31,'2024-03-31','2024-04-04','Activa',31,31),
(32,'2024-04-01','2024-04-05','Activa',32,32),
(33,'2024-04-02','2024-04-06','Activa',33,33),
(34,'2024-04-03','2024-04-07','Activa',34,34),
(35,'2024-04-04','2024-04-08','Activa',35,35),
(36,'2024-04-05','2024-04-09','Activa',36,36),
(37,'2024-04-06','2024-04-10','Activa',37,37),
(38,'2024-04-07','2024-04-11','Activa',38,38),
(39,'2024-04-08','2024-04-12','Activa',39,39),
(40,'2024-04-09','2024-04-13','Activa',40,40),
(41,'2024-04-10','2024-04-14','Activa',41,41),
(42,'2024-04-11','2024-04-15','Activa',42,42),
(43,'2024-04-12','2024-04-16','Activa',43,43),
(44,'2024-04-13','2024-04-17','Activa',44,44),
(45,'2024-04-14','2024-04-18','Activa',45,45),
(46,'2024-04-15','2024-04-19','Activa',46,46),
(47,'2024-04-16','2024-04-20','Activa',47,47),
(48,'2024-04-17','2024-04-21','Activa',48,48),
(49,'2024-04-18','2024-04-22','Activa',49,49),
(50,'2024-04-19','2024-04-23','Activa',50,50);

-- SERVICIOS_RESERVA (50 registros)
INSERT INTO servicios_reserva (id_servicio,id_reserva,servicio,precio,fecha_servicio) VALUES
(1,1,'Desayuno',10.00,'2024-03-02'),
(2,2,'Desayuno',10.00,'2024-03-03'),
(3,3,'Cena',15.00,'2024-03-04'),
(4,4,'Spa',30.00,'2024-03-05'),
(5,5,'Desayuno',10.00,'2024-03-06'),
(6,6,'Cena',15.00,'2024-03-07'),
(7,7,'Spa',30.00,'2024-03-08'),
(8,8,'Desayuno',10.00,'2024-03-09'),
(9,9,'Cena',15.00,'2024-03-10'),
(10,10,'Spa',30.00,'2024-03-11'),
(11,11,'Desayuno',10.00,'2024-03-12'),
(12,12,'Cena',15.00,'2024-03-13'),
(13,13,'Spa',30.00,'2024-03-14'),
(14,14,'Desayuno',10.00,'2024-03-15'),
(15,15,'Cena',15.00,'2024-03-16'),
(16,16,'Spa',30.00,'2024-03-17'),
(17,17,'Desayuno',10.00,'2024-03-18'),
(18,18,'Cena',15.00,'2024-03-19'),
(19,19,'Spa',30.00,'2024-03-20'),
(20,20,'Desayuno',10.00,'2024-03-21'),
(21,21,'Cena',15.00,'2024-03-22'),
(22,22,'Spa',30.00,'2024-03-23'),
(23,23,'Desayuno',10.00,'2024-03-24'),
(24,24,'Cena',15.00,'2024-03-25'),
(25,25,'Spa',30.00,'2024-03-26'),
(26,26,'Desayuno',10.00,'2024-03-27'),
(27,27,'Cena',15.00,'2024-03-28'),
(28,28,'Spa',30.00,'2024-03-29'),
(29,29,'Desayuno',10.00,'2024-03-30'),
(30,30,'Cena',15.00,'2024-03-31'),
(31,31,'Spa',30.00,'2024-04-01'),
(32,32,'Desayuno',10.00,'2024-04-02'),
(33,33,'Cena',15.00,'2024-04-03'),
(34,34,'Spa',30.00,'2024-04-04'),
(35,35,'Desayuno',10.00,'2024-04-05'),
(36,36,'Cena',15.00,'2024-04-06'),
(37,37,'Spa',30.00,'2024-04-07'),
(38,38,'Desayuno',10.00,'2024-04-08'),
(39,39,'Cena',15.00,'2024-04-09'),
(40,40,'Spa',30.00,'2024-04-10'),
(41,41,'Desayuno',10.00,'2024-04-11'),
(42,42,'Cena',15.00,'2024-04-12'),
(43,43,'Spa',30.00,'2024-04-13'),
(44,44,'Desayuno',10.00,'2024-04-14'),
(45,45,'Cena',15.00,'2024-04-15'),
(46,46,'Spa',30.00,'2024-04-16'),
(47,47,'Desayuno',10.00,'2024-04-17'),
(48,48,'Cena',15.00,'2024-04-18'),
(49,49,'Spa',30.00,'2024-04-19'),
(50,50,'Desayuno',10.00,'2024-04-20');


